﻿path,text to play
system/0.wav,0
system/1.wav,1
system/2.wav,2
system/3.wav,3
system/4.wav,4
system/5.wav,5
system/6.wav,6
system/7.wav,7
system/8.wav,8
system/9.wav,9
system/10.wav,10
system/11.wav,11
system/12.wav,12
system/13.wav,13
system/14.wav,14
system/15.wav,15
system/16.wav,16
system/17.wav,17
system/18.wav,18
system/19.wav,19
system/20.wav,20
system/21.wav,21
system/22.wav,22
system/23.wav,23
system/24.wav,24
system/25.wav,25
system/26.wav,26
system/27.wav,27
system/28.wav,28
system/29.wav,29
system/30.wav,30
system/31.wav,31
system/32.wav,32
system/33.wav,33
system/34.wav,34
system/35.wav,35
system/36.wav,36
system/37.wav,37
system/38.wav,38
system/39.wav,39
system/40.wav,40
system/41.wav,41
system/42.wav,42
system/43.wav,43
system/44.wav,44
system/45.wav,45
system/46.wav,46
system/47.wav,47
system/48.wav,48
system/49.wav,49
system/50.wav,50
system/51.wav,51
system/52.wav,52
system/53.wav,53
system/54.wav,54
system/55.wav,55
system/56.wav,56
system/57.wav,57
system/58.wav,58
system/59.wav,59
system/60.wav,60
system/61.wav,61
system/62.wav,62
system/63.wav,63
system/64.wav,64
system/65.wav,65
system/66.wav,66
system/67.wav,67
system/68.wav,68
system/69.wav,69
system/70.wav,70
system/71.wav,71
system/72.wav,72
system/73.wav,73
system/74.wav,74
system/75.wav,75
system/76.wav,76
system/77.wav,77
system/78.wav,78
system/79.wav,79
system/80.wav,80
system/81.wav,81
system/82.wav,82
system/83.wav,83
system/84.wav,84
system/85.wav,85
system/86.wav,86
system/87.wav,87
system/88.wav,88
system/89.wav,89
system/90.wav,90
system/91.wav,91
system/92.wav,92
system/93.wav,93
system/94.wav,94
system/95.wav,95
system/96.wav,96
system/97.wav,97
system/98.wav,98
system/99.wav,99
system/100.wav,100
system/200.wav,200
system/300.wav,300
system/400.wav,400
system/500.wav,500
system/600.wav,600
system/700.wav,700
system/800.wav,800
system/900.wav,900
system/ah.wav,ampere-hour
system/ahs.wav,ampere-hours
system/amp.wav,amp
system/amps.wav,amps
system/and.wav,and
system/bar.wav,bar
system/bars.wav,bars
system/bind.wav,Bind
system/celsius.wav,degree celsius
system/celsiuss.wav,degrees celsius
system/cm.wav,centimeter
system/cmps.wav,centimeter per second
system/cms.wav,centimeters
system/cmsps.wav,centimeters per second
system/db.wav,db
system/dbm.wav,dbm
system/dbs.wav,db
system/degree.wav,degree
system/degrees.wav,degrees
system/down.wav,down
system/fahrenheit.wav,degree fahrenheit
system/fahrenheits.wav,degrees fahrenheit
system/feet.wav,feet
system/feetpm.wav,feet per minute
system/feetps.wav,feet per second
system/foot.wav,foot
system/footpm.wav,foot per minute
system/footps.wav,foot per second
system/function-switches-warning.wav,function switches warning
system/g.wav,g
system/hello.wav,Welcome to Ethos
system/hour.wav,hour
system/hours.wav,hours
system/hz.wav,hertz
system/inactivity.wav,inactivity alert
system/km.wav,kilometer
system/kms.wav,kilometers
system/kpa.wav,kilopascal
system/kpas.wav,kilopascals
system/kph.wav,kilometer per hour
system/ksph.wav,kilometers per hour
system/low-battery.wav,Radio battery is low
system/low-rtc-battery.wav,RTC battery is low
system/mah.wav,milliamp-hour
system/mahs.wav,milliamp-hours
system/mamp.wav,milliamp
system/mamps.wav,milliamps
system/meter.wav,meter
system/meterpm.wav,meter per minute
system/meterps.wav,meter per second
system/meters.wav,meters
system/meterspm.wav,meters per minute
system/metersps.wav,meters per second
system/mhz.wav,mega hertz
system/microsecond.wav,microsecond
system/microseconds.wav,microseconds
system/middle.wav,middle
system/mile.wav,mile
system/miles.wav,miles
system/millisecond.wav,millisecond
system/milliseconds.wav,milliseconds
system/minus.wav,minus
system/minute.wav,minute
system/minutes.wav,minutes
system/ml.wav,milliliter
system/mlpm.wav,milliliter per minute
system/mlpms.wav,milliliters per minute
system/mlpp.wav,milliliter per pulse
system/mlpps.wav,milliliters per pulse
system/mls.wav,milliliters
system/modelfile-version-error.wav,Model file version mismatch
system/mpa.wav,megapascal
system/mpas.wav,megapascals
system/mph.wav,mile per hour
system/msph.wav,miles per hour
system/mvolt.wav,millivolt
system/mvolts.wav,millivolts
system/mwatt.wav,milliwatt
system/mwatts.wav,milliwatts
system/no-calibration.wav,The sticks are not calibrated
system/no-failsafe.wav,Failsafe not set
system/no-sd.wav,No SD card
system/no-sound.wav,Radio is in silent mode
system/pa.wav,pascal
system/pas.wav,pascals
system/percent.wav,percent
system/percents.wav,percent
system/point.wav,point
system/point0.wav,point zero
system/point1.wav,point one
system/point2.wav,point two
system/point3.wav,point three
system/point4.wav,point four
system/point5.wav,point five
system/point6.wav,point six
system/point7.wav,point seven
system/point8.wav,point eight
system/point9.wav,point nine
system/pot-warning.wav,pot warning
system/psi.wav,pound per square inch
system/psis.wav,pounds per square inch
system/rad.wav,rad
system/range-check.wav,Range check
system/register.wav,Register
system/rpm.wav,rotation per minute
system/rpms.wav,rotations per minute
system/rssi-critical-warning.wav,RSSI critical warning
system/rssi-ext-critical-warning.wav,External RSSI critical warning
system/rssi-ext-lost.wav,External telemetry lost
system/rssi-ext-low-warning.wav,External RSSI low warning
system/rssi-ext-recovered.wav,External telemetry recovered
system/rssi-int2g4-critical-warning.wav,"Internal two point four, RSSI critical warning"
system/rssi-int2g4-lost.wav,"Internal two point four, telemetry lost"
system/rssi-int2g4-low-warning.wav,"Internal two point four, RSSI low warning"
system/rssi-int2g4-recovered.wav,"Internal two point four, telemetry recovered"
system/rssi-int900m-critical-warning.wav,"Internal 900, RSSI critical warning"
system/rssi-int900m-lost.wav,"Internal 900, telemetry lost"
system/rssi-int900m-low-warning.wav,"Internal 900, RSSI low warning"
system/rssi-int900m-recovered.wav,"Internal 900, telemetry recovered"
system/rssi-int-critical-warning.wav,Internal RSSI critical warning
system/rssi-int-lost.wav,Internal telemetry lost
system/rssi-int-low-warning.wav,Internal RSSI low warning
system/rssi-int-recovered.wav,Internal telemetry recovered
system/rssi-lost.wav,Telemetry lost
system/rssi-low-warning.wav,RSSI low warning
system/rssi-recovered.wav,Telemetry recovered
system/rx-on-warning.wav,Receiver is still on
system/second.wav,second
system/seconds.wav,seconds
system/sensor-conflict.wav,Sensor conflict
system/sensor-lost.wav,Sensor lost
system/switch-warning.wav,switch warning
system/swr-warning.wav,SWR warning
system/system-file-version-error.wav,System file version mismatch
system/thousand.wav,thousand
system/thousands.wav,thousands
system/throttle-warning.wav,Throttle not idle
system/trainer-lost.wav,Trainer lost
system/trainer-recovered.wav,Trainer recovered
system/trim-center.wav,trim center
system/trim-max.wav,max reached
system/trim-min.wav,min reached
system/up.wav,up
system/vfr-low-warning.wav,VFR low warning
system/volt.wav,volt
system/volts.wav,volts
system/watt.wav,watt
system/watts.wav,watts
3d.wav,3D
armed.wav,armed
auto.wav,auto
autorotate.wav,autorotation
battery-low.wav,battery low
battery-critical.wav,battery critical
battery.wav,battery
brakes-off.wav,brakes off
brakes-on.wav,brakes on
butterfly-off.wav,butterfly off
butterfly-on.wav,butterfly on
critical.wav,critical
choke-off.wav,choke off
choke-on.wav,choke on
disarmed.wav,disarmed
flaps-1.wav,flaps one
flaps-2.wav,flaps two
flaps-3.wav,flaps three
flaps-4.wav,flaps four
flaps-5.wav,flaps five
flaps-full.wav,flaps full
flaps-half.wav,flaps half
flaps-up.wav,flaps up
flight-batt-low.wav,flight battery low
flight-batt-crit.wav,flight battery critical
flip.wav,flip
fm-1.wav,flight mode one
fm-10.wav,flight mode ten
fm-2.wav,flight mode two
fm-3.wav,flight mode three
fm-4.wav,flight mode four
fm-5.wav,flight mode five
fm-6.wav,flight mode six
fm-7.wav,flight mode seven
fm-8.wav,flight mode eight
fm-9.wav,flight mode nine
fm-acro.wav,flight mode acro
fm-angle.wav,flight mode angle
fm-cruise.wav,flight mode cruise
fm-fast.wav,flight mode fast
fm-float.wav,flight mode float
fm-horizon.wav,flight mode horizon
fm-idle-1.wav,flight mode idle up 1
fm-idle-2.wav,flight mode idle up 2
fm-idle-3.wav,flight mode idle up 3
fm-land.wav,flight mode land
fm-launch.wav,flight mode launch
fm-normal.wav,flight mode normal
fm-ping.wav,flight mode ping
fm-power.wav,flight mode power
fm-race.wav,flight mode race
fm-speed.wav,flight mode speed
fm-stabilize.wav,flight mode stabilize
fm-thermal.wav,flight mode thermal
fm-thermal-left.wav,flight mode thermal left
fm-thermal-right.wav,flight mode thermal right
gear-down.wav,gear down
gear-up.wav,gear up
idle-up-1.wav,idle up one
idle-up-2.wav,idle up two
idle-up-3.wav,idle up three
idle-1.wav,idle 1
idle-2.wav,idle 2
idle-3.wav,idle 3
ignition-off.wav,ignition off
ignition-on.wav,ignition on
landing.wav,landing
lights-off.wav,lights off
lights-on.wav,lights on
manual.wav,manual
motor-idle.wav,motor idle
motor-off.wav,motor off
motor-on.wav,motor on
off.wav,off
on.wav,on
osd.wav,OSD
osd-off.wav,OSD off
osd-on.wav,OSD on
pattern.wav,pattern
rate-high.wav,high rates
rate-low.wav,low rates
rate-mid.wav,mid rates
rx-batt-low.wav,receiver battery low
rx-batt-crit.wav,receiver battery critical
rx-batt.wav,receiver battery
rx-volt-low.wav,receiver voltage low
rx-volt-crit.wav,receiver voltage critical
rx-volt.wav,receiver voltage
rescue.wav,rescue
rth.wav,return to home
self-level-mode.wav,self leveling mode
sport.wav,sport
start.wav,start
stop.wav,stop
take-off.wav,take off
telemetry.wav,telemetry
telemetry-log-off.wav,telemetry logging off
telemetry-log-on.wav,telemetry logging on
throttle-active.wav,throttle active
throttle-disabled.wav,throttle disabled
throttle-enabled.wav,throttle enabled
throttle-cut.wav,throttle cut
throttle-hold.wav,throttle hold
throttle-idle.wav,throttle idle
timer1-reset.wav,timer 1 reset
timer2-reset.wav,timer 2 reset
timer3-reset.wav,timer 3 reset
timer1-elapsed.wav,timer 1 elapsed
timer2-elapsed.wav,timer 2 elapsed
timer3-elapsed.wav,timer 3 elapsed
turtle-off.wav,turtle mode off
turtle-on.wav,turtle mode on
vario-off.wav,vario off
vario-on.wav,vario on
vtx-off.wav,VTX off
vtx-25.wav,VTX 25 milliwatts
vtx-200.wav,VTX 200 milliwatts
vtx-on.wav,VTX enable
wheel-brakes-off.wav,wheel brakes off
wheel-brakes-on.wav,wheel brakes on
